<?xml version="1.0" encoding="UTF-8"?>


<!DOCTYPE hibernate-mapping PUBLIC 
    "-//Hibernate/Hibernate Mapping DTD 3.0//EN"
    "http://www.hibernate.org/dtd/hibernate-mapping-3.0.dtd">
<hibernate-mapping package="hibernateComponentMapping">
	<class name="EProduct" table="eproduct">
		<id name="ID">
		<generator class="identity"></generator>
		</id>
		<property name="name" type="string" ></property>
		<property name="price" type="big_decimal"></property>
		<property name="quantity" type="int"></property>
		
		
		 <component name="parts" class="hibernateComponentMapping.ProductParts">
		 
		 <property name="hdd" column="parts_hdd" type="string"></property>
		 <property name="cpu" column="parts_cpu" type="string"></property>
		 <property name="ram" column="parts_ram" type="string"></property>
		 </component>
		
		
		
	</class>
</hibernate-mapping>